{
    "view_products": "ምርቶችን ይመልከቱ",
    "nearby_product": "በአቅራቢያ ያሉ ምርቶች",
    "users": "ተጠቃሚዎች",
    "products": "ምርቶች",
    "feedback": "አስተያየት",
    "payment": "ክፍያ",
    "generate_report": "ረፖርት ያዘጋጁ",
    "read_feedback": "አስተያየት ያንብቡ",
    "view_report": "ሪፖርት ይመልከቱ",
    "manage_data": "ዳታ ማኔጅ",
    "dashboard" : "ዳሽቦርድ",
    "seller" : "የሻጭ",
    "buyer" : "ገዢ",
    "admin" : "ኃላፊ",
    "profile" : "ፕሮፋይል",
    "get_info" : "መረጃ መዕከል",
    "contact_us" : "ያግኙን",
    "help" : "እርዳታ",
    "home" : "ወደ ዋና",
    "notify_feature" : "አዲስ ነገር አሳውቅ",
    "update_chatbot" : "ቻትቦት አፕዴት",
    "logout" : "ውጣ",
    "language": "ቋንቋ",
    "register": "የመዝገቡ"
}